,noise,p_error,u_error,a_error,d_error
0,0,0.0002667365116376869,5.122641877509565e-06,179.9999963777452,999.9999876965641
1,0,0.00021732627995307163,1.129436371961277e-05,7.244509618354405e-06,0.0
2,0,0.00018156700686439495,4.517745487845102e-06,179.9999942094254,1000.0000000000002
3,0,0.0004265160314339199,9.115808030550376e-06,179.9999973001307,1000.0000000001818
4,0,0.0005250295237338738,2.0095444986978942e-05,1.5904040849567444e-05,7.707845207960418e-05
5,0,0.00029908256385251095,8.099607985145754e-06,179.99999879258172,1000.0
6,0,0.00025848622543909425,1.0173887179578492e-05,179.99999532368915,999.9999946357852
7,0,0.00034523183145657713,7.588506156264597e-06,179.9999973001307,999.9999631208157
8,0,0.00021698720985278237,7.244509618354405e-06,179.9999979086902,1000.0
9,0,0.0002571893339906833,5.399738656763834e-06,179.9999942094254,1000.0000000001537
10,0,0.00015279937616293477,8.18910913293408e-06,5.533085616490783e-06,3.248836310376646e-05
11,0,0.0004060835032200713,1.1643920115677386e-05,179.99999758516347,1000.0
12,0,0.00033862835995349154,8.45192788808014e-06,179.9999973001307,1000.0
13,0,0.0013444615837162885,4.01908899739585e-05,179.99999680547154,1000.0
14,0,0.00021133711131077716,3.6222548091772e-06,4.676310850554341e-06,7.103722055035178e-10
15,0,0.0002054442473056278,5.7905745997743736e-06,180.0,999.9999999997046
16,0,0.0004197515347633933,1.1131846416284069e-05,179.9999979086902,1000.0
17,0,0.00037633778353790266,9.583585410390605e-06,179.9999973001307,999.999999763297
18,0,8.83541236193001e-05,1.2074182697257333e-06,179.99999879258172,999.999937979563
19,0,0.00013173178791254074,7.73124918760008e-06,5.263014220319208e-06,3.9898395698401146e-10
20,0,0.00026659835062210746,8.009106731400786e-06,179.99999879258172,999.9999832004834
21,0,0.0002391674240592529,6.3890569402603996e-06,180.0,999.9999888115864
22,0,0.0004049137168709787,8.009106731400786e-06,179.9999965849054,999.9999867205197
23,0,0.0005742396142252924,1.5272767283331427e-05,179.99999879258172,999.9999964457413
24,0,0.0002707930447478768,8.45192788808014e-06,2.4148365394514667e-06,2.654181548678025e-05
25,0,0.00041010289660881424,1.045654894575938e-05,179.99999879258172,1000.0
26,0,7.871362241129534e-05,4.829673078902934e-06,4.9783130603797145e-06,0.0
27,0,6.514634236360004e-05,7.443026089337888e-06,5.9764155237611605e-06,0.0
28,0,0.000215261265119407,5.399738656763834e-06,179.99999829245272,999.9999655226092
29,0,0.0001543514978401031,4.353408482428142e-06,179.99999879258172,1000.0
30,0,0.0001537073039074206,3.6222548091772e-06,179.999990964509,999.9999977542022
31,0,0.00016671630637834586,5.263014220319208e-06,179.99999879258172,999.9999955297501
32,0,0.0002839162800828781,3.6222548091772e-06,179.9999921750353,1000.0
33,0,0.00020312405188691588,1.0386604689550578e-05,6.502146373618258e-06,5.978285912533465e-05
34,0,0.0003466103183503607,1.2919939687890481e-05,5.7905745997743736e-06,5.0904947840990644e-05
35,0,0.00022752864599249542,5.399738656763834e-06,179.99999879258172,999.9999870503918
36,0,0.0003109971490348775,5.533085616490783e-06,179.99999618180817,1000.0
37,0,0.00038008936916824346,8.2776426154535e-06,179.9999979086902,1000.0
38,0,0.00038244805234268793,1.2547858734911261e-05,179.99999680547154,1000.0
39,0,8.572697098776404e-05,1.0933637455190016e-05,9.115808030550376e-06,8.262849746643042e-06
40,0,0.0002429850364027566,4.517745487845102e-06,179.9999963777452,999.9999702332736
41,0,0.00036714563891036644,1.306022544728445e-05,7.244509618354405e-06,5.046769621230851e-05
42,0,0.00024999589332563616,1.010198601586461e-05,7.244509618354405e-06,4.2060743169258785e-05
43,0,0.0003032962570540196,7.917571076845593e-06,180.0,999.9999761187132
44,0,8.77963407258977e-05,4.182619578303747e-06,1.7075472925031877e-06,0.0
45,0,0.00020904544546858462,5.663293681020318e-06,179.99999829245272,1000.0
46,0,0.00020504420177964913,3.6222548091772e-06,179.99999704244132,1000.0
47,0,0.00023011344652843895,6.3890569402603996e-06,180.0,999.999984021664
48,0,0.0002651485328783611,3.6222548091772e-06,179.9999973001307,999.9999105381081
49,0,0.0003447892686987426,7.244509618354405e-06,179.99999704244132,999.9999727123309
50,0,0.0003822678586791987,1.1358719589327517e-05,179.9999964798011,999.9999999999686
51,0,0.00021728144023972686,1.4438622495364691e-05,9.35262170110869e-06,0.0
52,0,0.00011331914431869736,6.273929367455621e-06,4.829673078902934e-06,0.0
53,0,0.00035182481628591845,3.1945284701301985e-06,179.99999034065385,999.9999559982607
54,0,0.00029503986665748306,1.1768457563181822e-05,4.353408482428142e-06,1.8911805454990827e-10
55,0,0.0005326354928334904,1.5224965077553749e-05,4.00455336570039e-06,0.0001253298719916529
56,0,6.557907012061308e-05,4.353408482428142e-06,4.9783130603797145e-06,0.0
57,0,0.00022087116117958688,1.2043959414067914e-05,6.273929367455621e-06,0.0
58,0,0.0002959269775034368,1.1581149199548762e-05,5.663293681020318e-06,0.0
59,0,0.00024110175299152798,3.4150945850063763e-06,179.9999965849054,1000.0
60,0,0.00018529081063478113,4.182619578303747e-06,180.0,1000.0
61,0,0.0003133162193913844,1.9014441926092368e-05,1.4235251457258534e-05,8.981260180007666e-11
62,0,0.0005622237508710884,1.9913252241518953e-05,7.443026089337888e-06,2.6147972675971687e-11
63,0,0.0004960176976831741,2.3004407680670755e-05,1.010198601586461e-05,2.782732411787947e-05
64,0,0.00023812729323548394,7.540324677666867e-06,179.99999879258172,1000.0
65,0,0.00029138005336802456,1.4028932551663055e-05,5.663293681020318e-06,6.7047208176518325e-06
66,0,0.00018720181793405505,5.399738656763834e-06,5.533085616490783e-06,1.3358203432289883e-10
67,0,0.00028413419318148184,9.734517300533532e-06,3.6222548091772e-06,0.0
68,0,0.0004879336924314745,1.0386604689550578e-05,179.99999361094308,999.9999720171722
69,0,0.00020709002900483778,1.3526318390362917e-05,1.1197136397927998e-05,0.0
70,0,0.00017741514194567743,8.537736462515945e-06,3.818191820832846e-06,1.5558043742203154e-10
71,0,0.00034284622562897005,1.2134403433412636e-05,1.0731768324341125e-05,0.0
72,0,0.0005164973497436764,1.4388049231413678e-05,179.9999979086902,999.9999870557773
73,0,0.00024697211546242785,8.144481502960801e-06,179.99999879258172,999.9999857710116
74,0,0.0001759878700569124,5.663293681020318e-06,179.9999979086902,999.9999999999939
75,0,0.00023620254621922306,6.722620413208828e-06,179.99999879258172,1000.0
76,0,0.0002524516738106667,1.2013660097101191e-05,4.676310850554341e-06,3.6898426856168953e-06
77,0,0.00029344588248497256,1.1891690845819462e-05,6.273929367455621e-06,0.0
78,0,0.00010468546392021411,5.663293681020318e-06,179.99999408488267,999.9999526628858
79,0,0.00031189611981529943,6.273929367455621e-06,179.99999704244132,999.9999964489241
80,0,0.00012709376107864655,8.365239156607497e-06,5.663293681020318e-06,1.6763249504947453e-05
81,0,0.0002520131090478862,1.0731768324341125e-05,5.915117333884395e-06,0.0
82,0,0.0003552934843063437,1.5649929441225564e-05,8.79013768592829e-06,0.0
83,0,0.00019207682392992812,6.037091348628668e-06,179.99999829245272,999.9999690813618
84,0,0.00025962299338726306,6.613302226726415e-06,179.9999979086902,1000.0000000000146
85,0,0.00023333287859549358,3.1945284701301985e-06,179.99999704244132,999.9999405550909
86,0,0.00013582730777836322,7.917571076845593e-06,4.182619578303747e-06,5.684341886080802e-14
87,0,0.00035334962269571886,7.778248095798993e-06,179.99999704244132,1000.0
88,0,0.00015000052591058972,7.3444386094852035e-06,179.99999758516347,1000.0
89,0,0.00016817443079639204,6.502146373618258e-06,4.353408482428142e-06,0.0
90,0,0.0002540371060616433,9.430238149809192e-06,179.99999618180817,1000.0
91,0,0.00014132499061293694,5.7905745997743736e-06,179.99999618180817,999.9999593662515
92,0,0.00018412719781717965,3.1945284701301985e-06,179.99999758516347,1000.0
93,0,0.00018446377258190367,3.6222548091772e-06,179.99999618180817,999.9999699012502
94,0,0.00029671793938950813,8.365239156607497e-06,179.9999958173804,999.9999934840646
95,0,0.0003531582570351204,8.79013768592829e-06,2.4148365394514667e-06,2.219532018443715e-05
96,0,0.00025798071860676057,8.79013768592829e-06,179.99999758516347,1000.0
97,0,0.00034621726624367815,1.5104797728455768e-05,5.263014220319208e-06,0.0
98,0,0.0002826397248976831,1.6643112294063987e-05,1.0173887179578492e-05,1.972635743641149e-05
99,0,0.0002444464384251799,5.263014220319208e-06,179.99999829245272,1000.0
100,5,3.3105379025220056,0.06656804171980267,179.92337133101358,1000.0
101,5,4.07209385189721,0.0925688127157539,179.96571939588836,999.7578843006372
102,5,7.449817405220042,0.08480424319123199,0.14962923427125088,0.7795445127816834
103,5,0.784189174010609,0.10955681573251652,179.8597039189777,1000.0
104,5,1.5687603758915138,0.0008907310425001352,179.98595407585788,999.7785885840706
105,5,5.44427189291169,0.1576533124890321,179.95215597712038,999.5580471152616
106,5,6.788820169127523,0.11310561943988418,179.89845119161475,998.3422927296926
107,5,0.9263554481362415,0.1280072323944797,0.14314032162890333,0.6469228850060063
108,5,2.2510819745813824,0.07991518550192159,0.026322910976206364,0.0
109,5,2.355519608089793,0.0412874091782447,179.94323077215458,999.9999999999982
110,5,2.490809593662655,0.0508181773304025,0.0335068488468662,0.0
111,5,4.136425685240616,0.02438902245087178,179.8963085175269,1000.0
112,5,1.763299638859696,0.021286456352816827,179.9318411636912,1000.0
113,5,4.825546519567081,0.14404734215740098,179.93759818226877,998.9503065469665
114,5,2.7388585168371664,0.11865767942360474,0.059864432953916136,1.4448706910171154
115,5,2.9844990859282614,0.032103235796444474,0.03873773068800747,0.5357300118993749
116,5,7.1756755778326085,0.152552706507001,0.05360251218311617,0.0
117,5,4.055111126763588,0.08761599555800613,179.92117326273546,999.3563607424364
118,5,6.254201867611638,0.03529825579305658,0.128707028030774,0.0
119,5,2.0453106865809985,0.13642709594777358,179.87848931800193,1000.0
120,5,2.1151320409092444,0.04777406363876396,0.047859535172299,0.3032353998079884
121,5,6.069147615579199,0.1789454908574962,0.12405161544295369,0.0
122,5,2.745782241445895,0.08719853989332188,179.98799115413664,999.2110850870871
123,5,4.209074935712061,0.014254917223540577,179.85528043841921,1000.0
124,5,3.9666124595547854,0.11118527883736498,179.96225861877892,1000.0
125,5,1.9515730978216321,0.030233607285037937,179.95867987899777,999.5601489653086
126,5,5.395072933438636,0.0784375549226693,179.9839349041616,998.2405374446266
127,5,4.6993198585773674,0.07758458524452964,0.11074422478175562,1.2721780131423088
128,5,4.24176154537685,0.12599788215409594,0.09434808241550569,0.0
129,5,2.7534369312039826,0.06940065712034386,179.92106462933933,999.6058147995411
130,5,3.9774490179989925,0.08320749500949694,179.9852904627248,999.2029043157829
131,5,1.4490734321540064,0.1400937261565905,0.11569162289932736,0.0
132,5,1.6447017428272477,0.07895374065046684,179.8575319552446,1000.0
133,5,3.2155256572063693,0.09997393975838083,179.95982733556988,999.8381955772668
134,5,1.1276681613272357,0.14317569174585476,0.11497694322158955,0.1746087936691083
135,5,1.024777573643375,0.05133864385515224,179.95382370012345,1000.0
136,5,3.0645050265164655,0.049943510332405634,179.90432272591033,1000.0
137,5,3.282047242205919,0.022187740973375385,179.90401931583133,1000.0
138,5,3.7080548956657324,0.016920632459113887,179.9386956752079,999.2471816117533
139,5,1.3217083755143504,0.06253687941816737,0.04931672660742894,0.0
140,5,5.390998902929496,0.13886636372038805,179.8828916054659,998.7791478232198
141,5,3.080687092561491,0.12902665480633133,179.87219369759154,999.2380294532181
142,5,3.174790836269884,0.11674761351360037,179.88411619804964,999.6872646569203
143,5,0.8850813457201848,0.05253545974453774,179.91178353467106,1000.0
144,5,3.098469409015236,0.041972468827527566,179.89688537740116,1000.0
145,5,1.9786339340668708,0.035039018473932204,179.9762540753678,999.2519459967859
146,5,2.799320648957255,0.033775922805928234,179.94266154868302,1000.0
147,5,4.716292445806666,0.07338917366811612,0.06611286851587032,0.0
148,5,1.8878088967092004,0.04609441621822028,179.9663101207726,1000.0
149,5,3.2487053167414355,0.05782486589595831,179.99221551249718,1000.0
150,5,2.2062849141326235,0.09376325650023987,0.08751550243581797,0.0
151,5,2.7601833057962253,0.041893400904565684,179.97078061689592,1000.0
152,5,7.835557561696356,0.14570265257181952,179.94980556482443,998.4459874857725
153,5,3.03628121432586,0.13036374985728585,179.92485503826236,1000.0
154,5,4.926139526888415,0.10352844272842936,179.871713036774,999.6438300827399
155,5,2.391958839438796,0.040284667147483105,0.013622434238901755,0.0
156,5,3.425971640354651,0.031234048046755634,179.8713205101518,999.1947534628036
157,5,2.5290936276239737,0.0733725215930117,0.09797793156971107,0.2827747802011231
158,5,6.587135098868988,0.12367143152296749,0.05299749949690664,0.0
159,5,6.491683148741722,0.1603353048191746,179.94655151694667,999.9433542120111
160,5,1.369191985626519,0.06258828856081629,0.06906658645419332,0.0
161,5,2.938658152552357,0.09655436917869464,0.08483753099247462,0.0
162,5,6.160298190456052,0.11475595292353946,0.0940210961173647,0.29134089664194107
163,5,0.6920976691619473,0.06881640433188252,0.06960237534380864,0.05912821501709686
164,5,3.446511249106486,0.0965933761744515,0.030015878269650815,0.4682955870712817
165,5,2.5338023990155567,0.07282664686069816,179.98112239639767,999.9784626080963
166,5,6.587135098868988,0.12367143152296749,0.05299749949690664,0.0
167,5,5.756142373418477,0.17036218146634996,0.07446675775470096,0.7214757843258326
168,5,1.0612472723580688,0.04607748435003474,179.97157500906476,1000.0
169,5,3.3879960408676584,0.09839703213374623,179.992006598455,1000.0
170,5,6.4622361744455965,0.14533191680209812,0.10032940061923817,5.684341886080802e-14
171,5,5.435206635186423,0.07856155735020443,179.84818894428648,999.6972927970587
172,5,9.195718545501034,0.18170558110237253,179.84045728041085,1000.0
173,5,4.626771511304531,0.2446417077121281,179.8628177938227,1000.0
174,5,1.1805067855665705,0.03139872600952147,0.03861002583061012,0.0
175,5,2.6340642455665906,0.06622615889965527,179.95339278735327,1000.0
176,5,1.8478116428388371,0.046114386237280904,0.032234852456063515,0.0
177,5,3.429014503606618,0.05372099447811216,0.03836960506722117,0.0
178,5,2.365665186074441,0.1072001686649421,179.94360441022815,1000.0
179,5,2.662096563529209,0.07849477413725477,0.046265448517829454,0.0
180,5,1.9171088108307341,0.05871560267136779,179.97348724122355,1000.0
181,5,3.497443224740127,0.07403792789380827,0.026525135635309727,0.4230896099734309
182,5,2.202096009115558,0.03105668706449711,0.01739543259470481,0.0
183,5,4.315858432332461,0.13483121102544413,0.16812557546191015,0.0
184,5,1.7738240237554843,0.035483714780695924,179.95351550321502,999.2357063881454
185,5,4.575475980945067,0.06731446416502412,0.06730016087095834,1.2931290251403311
186,5,3.5067642585601755,0.08158976401305626,179.9718707844116,1000.0
187,5,6.338934326945182,0.16102945412873304,179.9554241730059,1000.0
188,5,5.958123310941782,0.1898775697831195,179.90633566226904,999.8911225273264
189,5,2.4823304089236493,0.10702569632746202,179.93048651210296,999.8167202722166
190,5,1.0102361976206133,0.05912322916159093,179.93579643705237,1000.0
191,5,6.24442414297201,0.15615128111266038,179.96958144462738,999.8225887109304
192,5,4.7195869190424,0.08920367558244839,179.9695605933004,999.8305866118046
193,5,3.426415201205023,0.06220835193478601,179.88342183341018,1000.0
194,5,4.30374142271685,0.05480998114035765,179.92329012601886,999.1185618436907
195,5,6.434203951738611,0.04252672472412056,179.83752599536953,999.0628600625915
196,5,0.7728796011100048,0.033969042776904934,0.011780767177633596,0.004686917657522827
197,5,6.587544475259605,0.09990748794948462,179.90852496588317,999.1319152053663
198,5,6.544511326945241,0.13389839046566146,179.92904672203187,1000.0
199,5,1.7259694942558417,0.08271202658073658,0.07104536665192171,0.10283316641277906
200,10,5.0735721533560625,0.25650695386203387,179.81880270018655,998.2754915599651
201,10,4.777678946254671,0.17682921905926635,179.82572543912204,998.4950865094602
202,10,4.920176273880527,0.08200434281573829,0.037366227602761766,1.1368683772161603e-13
203,10,6.259204519067192,0.19216292805329097,179.80700057055486,998.1124850922256
204,10,5.1791926146825205,0.14875827073841313,0.010096232500037237,1.7559759494646983
205,10,4.373923311670055,0.1484224001479681,179.94305057104356,1000.0
206,10,4.728609326016835,0.03848790498558324,0.2202358233545917,0.30641472113268264
207,10,6.015458590981874,0.07480724968482422,179.80777639624878,1000.0
208,10,1.793905309498146,0.01701391677714947,0.05016756776581113,0.009900131077472452
209,10,6.040068964450277,0.17874885403847535,0.030812496734099436,0.0
210,10,3.7068387734775725,0.08452421386275095,0.12463076091539049,0.0
211,10,10.0983034573143,0.2953289809617475,0.151886456045468,0.0
212,10,14.846377547175873,0.43343347661205234,179.864499280228,998.9994911533354
213,10,7.1740918177697335,0.18422085267714727,179.65248496894694,1000.0
214,10,3.0024370373017413,0.20790880955193106,179.86300145649582,999.9521385152138
215,10,6.1287341999113165,0.07639723510948478,0.13931784612702666,2.020208125048214
216,10,7.045489008199679,0.04514257375657853,179.8439692057769,998.3353839896372
217,10,5.091343993542223,0.1206090578562216,179.87915965779283,998.3582540589873
218,10,8.963101285001562,0.14620384589720398,179.8862594823643,1000.0
219,10,7.688038224203844,0.15710446222974603,179.94723078744371,999.1538566118185
220,10,5.90047120167419,0.046098315832087275,179.8757990319846,999.0991169980582
221,10,15.192641505489048,0.27934191921381335,0.21350237819608595,0.9507679581685693
222,10,9.65318466519218,0.4943447560607714,179.62374540798032,1000.0
223,10,2.2090588220432585,0.13292036160281318,0.20933153446083588,3.979039320256561e-13
224,10,26.8600266533129,0.8140169917810155,179.65899819040024,994.7555604579322
225,10,4.6139391005496195,0.09526765806639861,179.85622943283366,1000.0
226,10,8.202109146809743,0.09325542177184372,179.92528370910387,996.7518373820368
227,10,11.563432555070273,0.32770637471136854,179.88788937649528,1000.0
228,10,8.942866585018598,0.27531462587327776,179.8930169391542,998.4961639183293
229,10,4.3412927665082774,0.08972301192201079,179.86525254926553,998.3611580222545
230,10,7.923004126083895,0.25957086325494355,0.1889912651518002,5.115907697472721e-13
231,10,3.0811646074395784,0.042823630236001234,0.064864907932564,0.0
232,10,10.775512201430686,0.0966460566096936,179.88270637889676,1000.0
233,10,6.284105799270509,0.1701771821035066,179.80277270913362,1000.0
234,10,12.412666238187036,0.2406102002412224,179.91416497103185,1000.0
235,10,6.542897861117111,0.17041131827949246,179.95439806780894,999.4134935642568
236,10,6.880897347364034,0.15544167953362337,179.82078972840543,999.9843800293893
237,10,5.164510457082305,0.07662101884338539,179.92026343507857,998.4828697010271
238,10,9.65318466519218,0.4943447560607714,179.62374540798032,1000.0
239,10,7.683413553606678,0.19581301644767451,179.8598167422898,997.1626291303992
240,10,6.87804423257406,0.1949826309770833,0.06594930823549106,0.0
241,10,10.979589925305666,0.23869452527068555,179.94062374041766,998.5053007384842
242,10,3.001340286224798,0.15385376328671194,0.04492999175552464,0.31228613525746596
243,10,9.536706742630711,0.14564193495125202,179.88104814018482,998.5113199268434
244,10,6.410951417208631,0.11151503648591614,179.87239787000624,999.0302827315274
245,10,1.7790575168270686,0.04660038608230077,179.92831299071935,1000.0
246,10,12.90084583386415,0.100487692222711,179.68420696850455,995.9181490686234
247,10,6.613062091698427,0.05660474444605803,0.2565464072980667,0.0
248,10,11.358577715782273,0.285932925488911,179.78409938384632,1000.0
249,10,3.642347295507582,0.02543536641244201,179.87066732379768,1000.0
250,10,4.559434628564932,0.28189157638735085,0.2650362644441184,0.0
251,10,8.969021610646218,0.21099839665669548,179.96038029399412,1000.0
252,10,2.1266822135872507,0.006362601904788977,179.95129973757506,1000.0
253,10,4.648574289409907,0.03238062534951342,0.12414311771609379,1.6576982949262629
254,10,9.782552158951397,0.05120041870613658,179.71587173764226,998.3684626479223
255,10,10.441058751280389,0.240212312345858,179.89764512939104,998.7382788281332
256,10,13.305245545017227,0.12042063472408891,179.8930807992711,998.2264842724334
257,10,5.672823232803628,0.13749331665905926,179.9647048624998,1000.0
258,10,7.445193891448681,0.2671982608645084,179.6965939889777,1000.0
259,10,13.829508772906388,0.4220621551883003,0.04959363453122323,0.0
260,10,3.367554952439669,0.14071379585689922,179.819260205792,1000.0
261,10,4.769932891928399,0.24572910881310456,0.15832076859508928,0.9742606421341975
262,10,8.419495880105547,0.14980587159498365,0.11543969224608631,0.0
263,10,7.372263644727935,0.24593821832924434,179.9508253668839,1000.0
264,10,2.036938449774814,0.05568953793060356,179.89967084525924,1000.0
265,10,5.5876887503567305,0.28946844894220836,0.22435096525790468,0.0
266,10,9.830699823529221,0.2808546604306019,179.8023078794301,999.2504871895212
267,10,9.948111084940777,0.28852555124020196,179.83556620594632,999.5914803471496
268,10,6.003564345717474,0.030547610546339837,179.8047415676927,1000.0
269,10,3.1241885134235146,0.05134109390375913,179.95803562290664,999.6495686673937
270,10,17.34650784129203,0.42043223269115754,179.86149090828093,999.0378408976069
271,10,5.347315876594761,0.11124001494260434,0.24327875176357383,1.1948307624463723
272,10,3.646629638612534,0.10385657831782638,0.12001855888831557,0.0
273,10,3.9480604078312407,0.13262392559117053,0.2744710312300762,0.0
274,10,10.036326905602161,0.18878559170026188,0.15847269878443934,0.0
275,10,8.688793714634363,0.12807229344399804,179.84093368731405,997.8511986938078
276,10,12.416801418979281,0.21929621796067164,179.858855322321,999.1120950218384
277,10,3.105491745033553,0.06586343214869853,0.07738055114197993,0.5591385648167488
278,10,4.729774252245809,0.172099652161219,179.88412706027742,1000.0
279,10,15.766322067092727,0.3295168512235412,179.66097810948696,1000.0
280,10,6.921060973144276,0.2724465005880196,179.81457209352803,1000.0
281,10,5.359278350924,0.2840794694332741,179.73135639000904,1000.0
282,10,7.278972751916854,0.09349599310181153,179.91373814480892,1000.0
283,10,7.525856401969387,0.07990242149312776,179.89527211757712,998.5441464020413
284,10,3.3744773422219816,0.34008860415339465,179.7445393560021,1000.0
285,10,2.36142134589929,0.18352780026913987,0.11290542902631173,0.0
286,10,6.7714849266967665,0.1425724756062484,179.9092836296545,1000.0
287,10,3.279226252575536,0.15122945735256124,0.09500726926125666,0.3503017115852458
288,10,20.585915898238714,0.44427027140039715,0.10730609704671527,0.6978140694362764
289,10,2.9069937793996554,0.1972151059286408,179.74228034865664,1000.0
290,10,5.535722556820866,0.2437659950942884,179.8789905390008,999.1719468683931
291,10,6.864242963951843,0.16318556062366713,0.015776113416201824,0.0
292,10,5.91474265283493,0.09210750622651831,179.96879568753477,997.4243129756826
293,10,3.2828360548192483,0.23091767697978025,179.78987738037938,999.8126990148417
294,10,6.432098913111068,0.23833598327812,0.1010222891558668,0.8322153874075866
295,10,7.6757739966076,0.08694654857147893,0.25262391160415787,0.0
296,10,10.31240359136805,0.2590940070461808,0.240962201942191,2.8421709430404007e-13
297,10,6.687221855944282,0.19040927283473982,179.89665613387157,997.881492425722
298,10,3.81660764991835,0.05097380982811334,179.91664200871395,1000.0
299,10,3.018985843585904,0.17975917749422923,179.81607045249854,998.5463081695574
300,15,16.850433704822464,0.5106665640883964,0.2026732989174185,0.4753881883240183
301,15,27.092246869335778,0.5593092462819621,0.5152713477912135,5.684341886080802e-14
302,15,8.197023004500233,0.008468557693824881,179.84405708012318,997.7290192181914
303,15,6.7021230465234405,0.34851069297571,0.291431759731897,5.684341886080802e-14
304,15,9.386456846004975,0.17343472159644982,179.54289100138953,1000.0
305,15,14.012513517248843,0.11315257248908941,179.8653840736186,997.196616789568
306,15,26.695885776424934,0.40112064154846416,0.459595663118965,6.231685524112038
307,15,10.219687139470945,0.3252765423227021,179.93366357904532,1000.0
308,15,19.311070472435027,0.19831949035984706,0.2953157312846368,4.184206930683047
309,15,16.430068297441206,0.3012969934631898,0.0521036951013825,1.7053025658242404e-13
310,15,8.16059068845652,0.17661130691661092,179.85553836447008,1000.0
311,15,10.983083871904608,0.1631567294632963,0.19562518585173722,0.9668141531680021
312,15,15.89799771267476,0.4430526511944018,179.80659485309732,996.1313141436997
313,15,5.915072626538073,0.3166120804475587,179.70458822492498,997.1541172422526
314,15,6.257010535736223,0.24917220117654926,179.86997389733324,998.3631889564608
315,15,15.20253306722402,0.5533102965008795,0.18468215896325355,2.2737367544323206e-13
316,15,13.860146599837472,0.595450468191816,0.31866908760771956,4.478738090002878
317,15,4.139508882450757,0.09226909736492626,179.8818079517792,999.8585116597012
318,15,14.315332701438077,0.36330666872484135,179.9443806260722,1000.0
319,15,7.29702617704104,0.2426064374169607,179.7920515578746,1000.0
320,15,21.581482037208332,0.13735329974304336,0.29345507980146235,8.164776472652761
321,15,15.923146081696995,0.34701004433113447,0.18706698850428002,0.0
322,15,33.7953503593045,0.6793794577857477,179.29309593025627,997.2423012413497
323,15,8.034843777551572,0.2117636285365964,0.34603773694158285,0.0
324,15,22.780464338442094,0.5519379942871,179.96317137306298,994.3169970149319
325,15,6.342980793611347,0.3733566351222149,0.3233059330607606,0.0
326,15,14.855954045861825,0.5282501532855984,0.228866465473747,0.0
327,15,5.698584760583167,0.21739896368262304,179.68479574511224,999.8046039702167
328,15,4.051496373575578,0.4663768030652054,0.49947918940943986,0.0
329,15,11.878930471770975,0.3972487393975469,179.8405978730721,1000.0
330,15,8.113576358073582,0.24062401711725276,179.90889416023816,1000.0
331,15,7.769255003458886,0.08075845502204446,0.42445248224631466,0.0
332,15,15.289605573146314,0.4361360574939047,0.1923879667428655,4.524687133767941
333,15,28.64677638907413,0.7311246747926131,179.79706589098924,995.9207134124922
334,15,12.351095866535086,0.08838882750112544,0.1381319669246248,4.359265995180351
335,15,20.234258161277204,0.30809162318752675,179.67852896869826,1000.0
336,15,10.399057540343152,0.18108199665550187,179.91912222128832,999.230909617195
337,15,21.401520902506633,0.4646882610669585,0.14263232508884086,6.627145459346195
338,15,15.788029391026997,0.46216994189910154,179.77027411181567,998.058396184683
339,15,15.558407595726674,0.4332474481566203,179.65990908986146,998.2169360079722
340,15,8.983584604339075,0.20887446630415957,0.1544039719706577,1.0589149933902604
341,15,4.922010783924346,0.17550133554546765,179.83041512591117,999.1301126148146
342,15,8.228403815511607,0.3066896739688206,179.73723744724265,999.6941862197407
343,15,23.951086998080136,0.7971627451334291,179.67376935312342,1000.0
344,15,15.936355493457397,0.701044927039468,179.77661085970917,1000.0
345,15,2.775523451183906,0.1617241422890925,179.92050171107547,1000.0
346,15,23.448402256919973,0.6707183593483602,179.5889970312939,992.686834857547
347,15,8.721182047811206,0.10183093910199448,179.9557676449582,999.1721513144723
348,15,9.918858985140988,0.23190202606810242,179.58677796625005,999.4750572984394
349,15,22.715962270480528,0.5809513264141163,0.26178741762870716,0.0
350,15,16.63871073829325,0.11303601401791326,179.74433840478525,995.3058323674359
351,15,9.943912839583934,0.08353080698990656,179.7585034447051,1000.0
352,15,7.8888446983765546,0.16984061124407931,179.87772670224894,1000.0
353,15,10.086633340332197,0.2734038834717564,179.7521550843717,1000.0
354,15,26.022042673213914,0.22668088701161526,0.5761370581355979,0.0
355,15,8.253906015192346,0.13354594765012384,179.8638639037729,997.5468036964666
356,15,16.826049490173038,0.2731351553980536,179.76850236106057,997.7400453686901
357,15,3.3456190091195053,0.1349693174878639,179.74476044498314,1000.0
358,15,9.270264606959175,0.5622397225582518,179.5210724538181,1000.0000000000005
359,15,12.211171889215588,0.3663016618073164,179.72720551440105,995.2064990316712
360,15,6.933259185395623,0.0980128624587756,179.79223359931504,1000.0
361,15,12.932668218897811,0.36368659327647596,0.19366956526610277,0.0
362,15,11.182781241398768,0.23318663659452404,0.16024138314857114,2.9731354388309796
363,15,12.530597195165555,0.23340930171039778,0.130909808484946,0.4206647207528249
364,15,3.014330882406656,0.19364858422671175,0.16937730022789463,5.684341886080802e-14
365,15,3.522271124343264,0.28424350122938646,0.4937624787839641,0.5540099845221107
366,15,8.538407937092968,0.25513276039272736,0.19904099382467277,1.0295672218962864
367,15,17.623921957524033,0.5143607074219119,179.62395435561498,994.8913388721378
368,15,8.311190718176396,0.17610609339762284,0.13840585515300144,0.1259217766362326
369,15,15.166056887714277,0.38148221494294154,179.9252160741556,997.8353584270928
370,15,6.157982248150216,0.21995227791246283,179.82667220460897,999.1661583398208
371,15,24.992846298150724,0.3381051775732621,179.60488411371756,1000.0000000000033
372,15,9.943912839583934,0.08353080698990656,179.7585034447051,1000.0
373,15,17.906473874693393,0.29790302340651464,179.7573149115729,995.8024387209744
374,15,11.689133012470922,0.17617206797106688,179.90303624854786,1000.0
375,15,9.600856181491881,0.3681736294460703,179.64141045962455,1000.0
376,15,7.043014731761367,0.21608797585583278,179.7016638297314,999.2305908990278
377,15,15.287929482930576,0.28936166449565914,179.68505659011015,1000.0
378,15,26.79848481496307,0.3127274271759086,0.5745895651165028,4.387433843183203
379,15,10.298535889571234,0.1717373753308018,0.496702249794831,2.6283626226033334
380,15,8.731266233810725,0.3853021853472368,0.3365912557218237,5.684341886080802e-14
381,15,10.178617646891439,0.0718733145911329,179.65523146431346,1000.0
382,15,31.249595054245308,1.0369087633925749,0.3717916073601223,0.0
383,15,9.280242308134214,0.2215380552066645,0.12614260449925718,0.0
384,15,28.12091543890583,0.6341496723922607,179.82957364399996,999.91186315158
385,15,13.099061585712272,0.5261250277836911,0.2854860259261519,2.0460078693527635
386,15,10.800823191494214,0.3212876332037725,0.5967778026332752,1.4841370455834522
387,15,9.893073514572796,0.30638186826774677,179.78975306222517,1000.0
388,15,11.39476133538801,0.33224080551076296,179.88470743757992,1000.0
389,15,17.8396149650522,0.2371148330061953,179.7492976423735,993.6712266027682
390,15,15.760500013708741,0.5877367430188545,0.2784821433694747,5.684341886080802e-14
391,15,15.162809676675435,0.41540484065498123,179.94238888637733,998.7898491639953
392,15,17.080089108775553,0.2324883182172992,179.79255358084035,994.781565255653
393,15,10.649582568723027,0.35480482637961963,0.30910141680383035,5.684341886080802e-14
394,15,20.47063296503022,0.12985034536426113,179.22600534549474,1000.0
395,15,19.54021711976845,0.3291853227529133,179.82426598984514,999.9999999999995
396,15,18.231723541245557,0.4098125254263927,179.49536318679932,995.8308355523246
397,15,8.807029331966715,0.27503010192851224,0.2323407155057739,3.426582859247276
398,15,15.254776852649439,0.3393076252692598,179.89614933324086,997.7975079779364
399,15,26.008064940332595,0.4424632102752599,0.13938229200297678,4.173541598592806
